<?xml version="1.0" encoding="UTF-8"?>
<project-private xmlns="http://www.netbeans.org/ns/project-private/1">
    <editor-bookmarks xmlns="http://www.netbeans.org/ns/editor-bookmarks/2" lastBookmarkId="0"/>
    <open-files xmlns="http://www.netbeans.org/ns/projectui-open-files/2">
        <group>
            <file>file:/C:/Users/shuvankar/Documents/NetBeansProjects/RestApi/web/index.html</file>
            <file>file:/C:/Users/shuvankar/Documents/NetBeansProjects/RestApi/src/conf/MANIFEST.MF</file>
            <file>file:/C:/Users/shuvankar/Documents/NetBeansProjects/RestApi/web/META-INF/context.xml</file>
            <file>file:/C:/Users/shuvankar/Documents/NetBeansProjects/RestApi/web/WEB-INF/wisc-v-block_design.json</file>
            <file>file:/C:/Users/shuvankar/Documents/NetBeansProjects/RestApi/web/WEB-INF/web.xml</file>
            <file>file:/C:/Users/shuvankar/Documents/NetBeansProjects/RestApi/web/WEB-INF/resjson.txt</file>
            <file>file:/C:/Users/shuvankar/Documents/NetBeansProjects/RestApi/src/java/com/servlet/helper/FileReader.java</file>
            <file>file:/C:/Users/shuvankar/Documents/NetBeansProjects/RestApi/src/java/com/servlet/GetResponseJson.java</file>
            <file>file:/C:/Users/shuvankar/Documents/NetBeansProjects/RestApi/nbproject/build-impl.xml</file>
        </group>
    </open-files>
</project-private>
